{"MAE": 326.55290297904446, "MSE": 309621.0108836704, "RMSE": 556.4359899248703, "R2_Score": 0.9997140886820809, "MAPE": 0.10303549034206905}