{"MAE": 1398.6703364363739, "MSE": 5520960.501977707, "RMSE": 2349.6724243982835, "R2_Score": 0.9949077616331112}