Metric,Value
RMSE,9785.295628549196
R^2 Score,0.9035505433312264
MAPE,2.680027586188591
MAE,7602.014275314446
