Metric,Value
RMSE,9826.673275287303
R^2 Score,0.893317375573374
MAPE,2.599229344237177
MAE,7497.221864822923
