Metric,Value
RMSE,8297.710474848176
R^2 Score,0.8787863855534941
MAPE,2.348333605266366
MAE,6588.622331097596
