Metric,Value
RMSE,10566.275454058119
R^2 Score,0.8875406057012606
MAPE,2.8582686033384674
MAE,8089.879831947262
